{"certificateAuthorities":{"ca-org1":{"caName":"ca-org1","httpOptions":{"verify":true},"registrar":{"enrollId":"admin","enrollSecret":"adminpw"},"tlsCACerts":{"client":{"certfile":"$GOPATH/src/github.com/hyperledger/fabric-sdk-go/test/api-server/tls/fabricca/certs/client/client_fabric_client.pem","keyfile":"$GOPATH/src/github.com/hyperledger/fabric-sdk-go/test/api-server/tls/fabricca/certs/client/client_fabric_client-key.pem"},"path":"$GOPATH/src/github.com/hyperledger/fabric-sdk-go/test/api-server/tls/fabricca/certs/ca_root.pem"},"url":"https://ca_peerOrg1:7054"}},"channels":{"testchannel":{"chaincodes":["fabbank:1.0"],"orderers":["orderer-7f7d0966944485b4b225d4445588052a16c7a74d-0.orderer-7f7d0966944485b4b225d4445588052a16c7a74d.default.svc.cluster.local","orderer-7f7d0966944485b4b225d4445588052a16c7a74d-1.orderer-7f7d0966944485b4b225d4445588052a16c7a74d.default.svc.cluster.local","orderer-7f7d0966944485b4b225d4445588052a16c7a74d-2.orderer-7f7d0966944485b4b225d4445588052a16c7a74d.default.svc.cluster.local","orderer-7f7d0966944485b4b225d4445588052a16c7a74d-3.orderer-7f7d0966944485b4b225d4445588052a16c7a74d.default.svc.cluster.local"],"peers":{"peer-ab747d25966152566ee223a0fdc57fc5a98eb763-0.peer-ab747d25966152566ee223a0fdc57fc5a98eb763.default.svc.cluster.local":{"chaincodeQuery":true,"endorsingPeer":true,"eventSource":true,"ledgerQuery":true}}}},"client":{"BCCSP":{"security":{"default":{"provider":"SW"},"enabled":true,"ephemeral":false,"hashAlgorithm":"SHA2","level":256,"softVerify":true}},"credentialStore":{"cryptoStore":{"path":"/tmp/msp"},"path":"/tmp/hfc-kvs","wallet":"wallet-name"},"cryptoconfig":{"path":"/opt/gopath/src/github.com/hyperledger/fabric"},"eventService":{"timeout":{"connection":"10s","registrationResponse":"50s"}},"logging":{"level":"info"},"orderer":{"timeout":{"connection":"10s","response":"45s"}},"organization":"ab747d25966152566ee223a0fdc57fc5a98eb763","peer":{"timeout":{"connection":"10s","executeTxResponse":"120s","queryResponse":"45s"}}},"description":"The network to be in if you want to stay in the global trade business","name":"global-trade-network","orderer-eip":"49.4.84.168","orderers":{"orderer-7f7d0966944485b4b225d4445588052a16c7a74d-0.orderer-7f7d0966944485b4b225d4445588052a16c7a74d.default.svc.cluster.local":{"grpcOptions":{"grpc-max-send-message-length":15,"hostnameOverride":"orderer-7f7d0966944485b4b225d4445588052a16c7a74d-0.orderer-7f7d0966944485b4b225d4445588052a16c7a74d.default.svc.cluster.local","negotiationType":"TLS","ssl-target-name-override":"orderer-7f7d0966944485b4b225d4445588052a16c7a74d-0.orderer-7f7d0966944485b4b225d4445588052a16c7a74d.default.svc.cluster.local","sslProvider":"openSSL"},"tlsCACerts":{"path":"/opt/gopath/src/github.com/hyperledger/api-server/conf/crypto/7f7d0966944485b4b225d4445588052a16c7a74d.orderer/msp/tlscacerts/tlsca.7f7d0966944485b4b225d4445588052a16c7a74d-cert.pem"},"url":"grpcs://49.4.84.168:30805"},"orderer-7f7d0966944485b4b225d4445588052a16c7a74d-1.orderer-7f7d0966944485b4b225d4445588052a16c7a74d.default.svc.cluster.local":{"grpcOptions":{"grpc-max-send-message-length":15,"hostnameOverride":"orderer-7f7d0966944485b4b225d4445588052a16c7a74d-1.orderer-7f7d0966944485b4b225d4445588052a16c7a74d.default.svc.cluster.local","negotiationType":"TLS","ssl-target-name-override":"orderer-7f7d0966944485b4b225d4445588052a16c7a74d-1.orderer-7f7d0966944485b4b225d4445588052a16c7a74d.default.svc.cluster.local","sslProvider":"openSSL"},"tlsCACerts":{"path":"/opt/gopath/src/github.com/hyperledger/api-server/conf/crypto/7f7d0966944485b4b225d4445588052a16c7a74d.orderer/msp/tlscacerts/tlsca.7f7d0966944485b4b225d4445588052a16c7a74d-cert.pem"},"url":"grpcs://49.4.84.168:30806"},"orderer-7f7d0966944485b4b225d4445588052a16c7a74d-2.orderer-7f7d0966944485b4b225d4445588052a16c7a74d.default.svc.cluster.local":{"grpcOptions":{"grpc-max-send-message-length":15,"hostnameOverride":"orderer-7f7d0966944485b4b225d4445588052a16c7a74d-2.orderer-7f7d0966944485b4b225d4445588052a16c7a74d.default.svc.cluster.local","negotiationType":"TLS","ssl-target-name-override":"orderer-7f7d0966944485b4b225d4445588052a16c7a74d-2.orderer-7f7d0966944485b4b225d4445588052a16c7a74d.default.svc.cluster.local","sslProvider":"openSSL"},"tlsCACerts":{"path":"/opt/gopath/src/github.com/hyperledger/api-server/conf/crypto/7f7d0966944485b4b225d4445588052a16c7a74d.orderer/msp/tlscacerts/tlsca.7f7d0966944485b4b225d4445588052a16c7a74d-cert.pem"},"url":"grpcs://49.4.84.168:30807"},"orderer-7f7d0966944485b4b225d4445588052a16c7a74d-3.orderer-7f7d0966944485b4b225d4445588052a16c7a74d.default.svc.cluster.local":{"grpcOptions":{"grpc-max-send-message-length":15,"hostnameOverride":"orderer-7f7d0966944485b4b225d4445588052a16c7a74d-3.orderer-7f7d0966944485b4b225d4445588052a16c7a74d.default.svc.cluster.local","negotiationType":"TLS","ssl-target-name-override":"orderer-7f7d0966944485b4b225d4445588052a16c7a74d-3.orderer-7f7d0966944485b4b225d4445588052a16c7a74d.default.svc.cluster.local","sslProvider":"openSSL"},"tlsCACerts":{"path":"/opt/gopath/src/github.com/hyperledger/api-server/conf/crypto/7f7d0966944485b4b225d4445588052a16c7a74d.orderer/msp/tlscacerts/tlsca.7f7d0966944485b4b225d4445588052a16c7a74d-cert.pem"},"url":"grpcs://49.4.84.168:30808"}},"organizations":{"ab747d25966152566ee223a0fdc57fc5a98eb763":{"certificateAuthorities":["ca-org1"],"cryptoPath":"/opt/gopath/src/github.com/hyperledger/api-server/conf/crypto/ab747d25966152566ee223a0fdc57fc5a98eb763.peer/msp","mspid":"ab747d25966152566ee223a0fdc57fc5a98eb763MSP","peers":["peer-ab747d25966152566ee223a0fdc57fc5a98eb763-0.peer-ab747d25966152566ee223a0fdc57fc5a98eb763.default.svc.cluster.local"],"tlsCryptoCertPath":"/opt/gopath/src/github.com/hyperledger/api-server/conf/crypto/ab747d25966152566ee223a0fdc57fc5a98eb763.peer/tls/server.crt","tlsCryptoKeyPath":"/opt/gopath/src/github.com/hyperledger/api-server/conf/crypto/ab747d25966152566ee223a0fdc57fc5a98eb763.peer/tls/server.key"},"ordererorg":{"cryptoPath":"/opt/gopath/src/github.com/hyperledger/api-server/conf/crypto/7f7d0966944485b4b225d4445588052a16c7a74d.orderer/msp","mspID":"7f7d0966944485b4b225d4445588052a16c7a74dMSP"}},"peer-eip":"49.4.84.168","peers":{"peer-ab747d25966152566ee223a0fdc57fc5a98eb763-0.peer-ab747d25966152566ee223a0fdc57fc5a98eb763.default.svc.cluster.local":{"eventUrl":"grpcs://49.4.84.168:30705","grpcOptions":{"grpc.http2.keepalive_time":15,"hostnameOverride":"peer-ab747d25966152566ee223a0fdc57fc5a98eb763-0.peer-ab747d25966152566ee223a0fdc57fc5a98eb763.default.svc.cluster.local","negotiationType":"TLS","ssl-target-name-override":"peer-ab747d25966152566ee223a0fdc57fc5a98eb763-0.peer-ab747d25966152566ee223a0fdc57fc5a98eb763.default.svc.cluster.local","sslProvider":"openSSL"},"tlsCACerts":{"path":"/opt/gopath/src/github.com/hyperledger/api-server/conf/crypto/ab747d25966152566ee223a0fdc57fc5a98eb763.peer/msp/tlscacerts/tlsca.ab747d25966152566ee223a0fdc57fc5a98eb763-cert.pem"},"url":"grpcs://49.4.84.168:30605"}},"version":"1.0.0","x-loggingLevel":"info","x-type":"hlfv1"}